Timestamp,Sensor,AccX,AccY,AccZ,GyrX,GyrY,GyrZ,MagX,MagY,MagZ,Temp
2026/04/13 14:56:30.00,IMU,-11.72,-4.88,-1010.25,-1.57,-1.22,-1.11,-27.90,-11.25,-70.35,29.1
2026/04/13 14:56:30.10,IMU,-23.44,-42.97,-988.28,0.07,-4.27,-0.61,-25.80,-10.95,-70.50,28.9
2026/04/13 14:56:30.20,IMU,-4.88,-4.39,-1020.02,-3.19,0.82,-2.73,-26.85,-10.65,-70.80,28.7
2026/04/13 14:56:30.30,IMU,-19.04,-8.79,-1017.09,-0.44,0.79,-0.16,-27.45,-11.25,-69.90,28.8
2026/04/13 14:56:30.40,IMU,-5.86,-21.00,-995.61,-1.83,-0.69,0.21,-26.10,-12.60,-70.80,28.9
2026/04/13 14:56:30.50,IMU,-21.00,-8.79,-1002.93,-1.30,-1.94,-0.21,-26.85,-11.40,-70.80,29.0
2026/04/13 14:56:30.60,IMU,-13.18,-17.09,-1002.44,-0.14,-0.48,0.05,-26.70,-9.60,-68.40,29.1
2026/04/13 14:56:30.70,IMU,-14.16,-18.07,-1004.88,-1.73,-1.79,-2.54,-27.30,-10.20,-69.75,29.0
2026/04/13 14:56:30.80,IMU,-5.37,-29.30,-1019.53,-0.76,0.06,1.99,-27.45,-11.55,-70.65,29.1
2026/04/13 14:56:30.90,IMU,-14.65,-20.02,-1021.48,-2.65,1.61,-3.05,-27.90,-11.55,-71.10,28.8
2026/04/13 14:56:31.00,IMU,-7.81,-15.14,-999.51,-2.50,-0.11,-5.15,-27.15,-11.25,-71.10,29.1
2026/04/13 14:56:31.10,IMU,-11.23,-4.88,-1010.25,-3.18,-1.31,-0.27,-28.80,-10.95,-72.00,29.1
2026/04/13 14:56:31.20,IMU,-20.51,-24.41,-1011.23,-2.90,0.28,-5.20,-28.20,-12.00,-73.65,28.9
2026/04/13 14:56:31.30,IMU,-11.23,-1.95,-1003.42,-0.17,-2.86,2.50,-27.90,-11.55,-71.70,29.1
2026/04/13 14:56:31.40,IMU,-5.37,-19.53,-963.38,-1.78,-0.52,0.25,-27.90,-10.50,-73.20,28.8
2026/04/13 14:56:31.51,IMU,6.35,-9.77,-1003.42,-1.21,0.21,-0.93,-26.70,-12.00,-73.65,28.8
2026/04/13 14:56:31.61,IMU,-21.00,-19.53,-1010.25,0.50,1.60,0.31,-28.05,-10.65,-71.55,29.1
2026/04/13 14:56:31.71,IMU,-7.32,-6.35,-1006.35,-0.44,-2.92,-0.15,-26.70,-11.25,-70.35,29.1
2026/04/13 14:56:31.81,IMU,-2.93,-15.14,-999.02,0.08,-0.44,-0.22,-26.70,-10.80,-69.90,29.1
2026/04/13 14:56:31.91,IMU,-23.93,-20.51,-1009.28,-0.64,-0.67,-0.98,-27.30,-11.40,-70.50,28.9
2026/04/13 14:56:32.01,IMU,-23.44,-15.14,-999.02,-3.39,2.73,-1.59,-26.55,-12.15,-70.05,28.9
2026/04/13 14:56:32.11,IMU,-10.25,-11.72,-1014.65,-1.00,-1.97,-1.95,-27.90,-12.00,-70.35,29.1
2026/04/13 14:56:32.21,IMU,-11.23,-23.44,-1009.28,-2.94,-1.44,3.47,-26.85,-10.65,-69.75,29.0
2026/04/13 14:56:32.31,IMU,-18.07,-21.97,-996.58,-1.45,0.72,0.88,-27.60,-10.95,-70.05,29.1
2026/04/13 14:56:32.41,IMU,-19.53,-27.34,-1000.49,-2.08,-0.42,2.08,-26.85,-11.40,-69.75,29.0
2026/04/13 14:56:32.51,IMU,-15.14,-18.07,-1025.39,-3.51,-1.51,1.15,-27.15,-10.50,-71.40,28.9
2026/04/13 14:56:32.61,IMU,-12.21,-9.28,-1003.91,-1.60,-1.43,0.50,-26.70,-9.60,-70.35,29.0
2026/04/13 14:56:32.71,IMU,-8.79,-6.84,-998.05,-1.81,-0.90,-1.39,-27.45,-11.25,-69.90,29.1
2026/04/13 14:56:32.81,IMU,-17.58,-15.63,-1005.86,-0.66,-2.05,-0.15,-26.85,-10.65,-69.75,29.1
2026/04/13 14:56:32.91,IMU,-31.25,-31.25,-1014.16,-1.97,0.89,0.07,-27.30,-11.85,-69.30,29.1
2026/04/13 14:56:33.01,IMU,-17.09,-18.07,-1001.46,-2.67,-0.72,1.53,-26.70,-11.25,-68.40,29.0
2026/04/13 14:56:33.11,IMU,-12.70,-9.28,-1015.63,-1.13,-1.34,-1.18,-26.70,-11.25,-69.90,29.0
2026/04/13 14:56:33.21,IMU,-16.11,-4.39,-1012.21,-1.13,1.30,1.82,-26.70,-10.80,-70.35,29.1
2026/04/13 14:56:33.31,IMU,-14.16,-20.02,-1007.81,-1.66,-0.81,-3.87,-27.30,-10.95,-68.55,28.9
2026/04/13 14:56:33.41,IMU,-27.34,-26.86,-1014.65,-2.86,0.49,-1.06,-26.85,-12.60,-67.50,29.0
2026/04/13 14:56:33.51,IMU,-2.93,-14.16,-1003.91,-2.03,1.20,-2.39,-27.15,-12.45,-68.85,28.9
2026/04/13 14:56:33.61,IMU,-16.60,-18.55,-1004.88,-3.24,-2.19,0.28,-27.60,-9.90,-70.50,29.1
2026/04/13 14:56:33.71,IMU,-19.04,-21.97,-1016.60,-3.62,-2.01,-2.72,-26.70,-11.25,-69.90,29.1
2026/04/13 14:56:33.81,IMU,-21.00,-13.67,-1012.21,-0.99,-3.17,-0.77,-27.30,-11.40,-69.30,29.1
2026/04/13 14:56:33.91,IMU,-19.53,-26.37,-1003.42,-1.87,1.10,0.97,-27.45,-11.55,-68.85,28.9
2026/04/13 14:56:34.01,IMU,-11.23,-29.30,-1018.07,-1.91,-1.60,1.73,-27.60,-11.85,-67.50,29.0
2026/04/13 14:56:34.11,IMU,-9.28,-12.70,-1011.23,-2.45,0.22,-2.35,-26.55,-11.40,-70.50,29.2
2026/04/13 14:56:34.21,IMU,-20.02,-17.58,-1000.98,-0.47,-2.12,-2.39,-28.95,-11.25,-69.15,29.1
2026/04/13 14:56:34.31,IMU,-14.16,-16.11,-1007.32,-0.11,-1.15,-0.75,-27.60,-10.20,-69.30,29.1
2026/04/13 14:56:34.41,IMU,-15.63,-24.41,-1008.30,-1.50,0.83,-1.86,-28.65,-11.55,-68.10,28.9
2026/04/13 14:56:34.51,IMU,-11.23,-21.48,-1004.88,-2.15,-1.42,0.40,-27.60,-10.95,-68.55,28.8
2026/04/13 14:56:34.61,IMU,-18.07,-18.07,-1011.23,-0.73,-2.35,-0.67,-27.30,-10.95,-69.75,29.1
2026/04/13 14:56:34.71,IMU,-25.39,-16.60,-992.68,0.07,0.35,-1.71,-28.20,-10.80,-69.60,29.0
2026/04/13 14:56:34.82,IMU,-24.41,-9.28,-1014.65,0.77,-1.94,-0.59,-26.85,-11.40,-69.30,29.2
2026/04/13 14:56:34.92,IMU,-11.23,-24.41,-1001.95,-0.04,-1.84,1.39,-26.70,-11.55,-68.85,28.8
2026/04/13 14:56:35.02,IMU,-14.65,-16.60,-1003.42,-0.79,-2.20,3.11,-27.30,-9.45,-68.55,29.0
2026/04/13 14:56:35.12,IMU,-17.09,-8.79,-1013.67,-1.13,0.87,-2.44,-26.55,-10.95,-70.05,29.1
2026/04/13 14:56:35.22,IMU,-23.44,-25.88,-1022.46,0.28,-2.82,-1.52,-27.90,-12.00,-68.10,29.1
2026/04/13 14:56:35.32,IMU,-19.04,-16.11,-1018.07,-3.08,0.17,-0.90,-26.85,-11.40,-69.75,29.1
2026/04/13 14:56:35.42,IMU,-16.11,-13.67,-1015.63,1.27,-1.97,-2.44,-27.15,-10.50,-68.85,28.9
2026/04/13 14:56:35.52,IMU,-12.70,-21.00,-1003.42,-3.11,-1.62,-3.58,-27.30,-10.65,-69.30,29.1
2026/04/13 14:56:35.62,IMU,-21.48,-20.02,-1017.58,-0.33,-2.06,-0.43,-26.85,-10.65,-69.00,29.2
2026/04/13 14:56:35.72,IMU,-21.48,-24.90,-999.02,-2.14,-1.92,-4.35,-25.80,-11.85,-69.75,29.0
2026/04/13 14:56:35.82,IMU,-16.11,-10.74,-1008.30,-0.20,0.90,-1.50,-26.85,-11.85,-69.75,29.1
2026/04/13 14:56:35.92,IMU,-6.35,-5.86,-1010.25,-1.60,-2.97,0.15,-27.15,-10.80,-68.40,28.9
2026/04/13 14:56:36.02,IMU,-20.51,-11.23,-1010.25,-1.55,-0.11,-6.85,-28.95,-11.55,-68.10,29.1
2026/04/13 14:56:36.12,IMU,-22.95,-14.65,-1007.32,-0.73,-1.32,-5.87,-29.70,-9.60,-67.65,29.1
2026/04/13 14:56:36.22,IMU,-21.00,-26.37,-1021.48,-0.30,-0.12,-9.52,-28.05,-9.45,-69.00,29.4
2026/04/13 14:56:36.32,IMU,-26.37,-5.86,-1010.74,-2.82,-2.02,-10.27,-28.05,-9.90,-66.75,29.1
2026/04/13 14:56:36.42,IMU,-23.44,-23.93,-1005.86,-1.02,-5.24,-14.60,-28.80,-9.45,-69.30,28.8
2026/04/13 14:56:36.52,IMU,-29.30,-31.25,-1021.48,-1.58,-0.69,-12.87,-28.80,-9.45,-69.30,29.1
2026/04/13 14:56:36.62,IMU,-19.53,-18.55,-1004.88,-2.53,0.83,-16.24,-29.85,-7.95,-70.50,29.4
2026/04/13 14:56:36.72,IMU,-21.48,-5.86,-1016.60,-0.56,-3.18,-18.95,-28.65,-7.65,-71.10,29.2
2026/04/13 14:56:36.82,IMU,-19.53,-25.39,-1009.28,-2.80,-2.50,-14.37,-30.45,-7.35,-69.60,29.2
2026/04/13 14:56:36.92,IMU,1.46,-13.18,-1023.93,-1.07,0.82,-13.66,-31.20,-4.65,-69.15,28.7
2026/04/13 14:56:37.02,IMU,-34.18,-27.34,-992.19,-2.40,-2.66,-10.83,-31.50,-6.00,-70.05,29.1
2026/04/13 14:56:37.12,IMU,-18.55,-8.79,-993.16,-1.82,-1.89,-22.83,-34.20,-7.35,-65.10,29.1
2026/04/13 14:56:37.22,IMU,-15.63,-41.99,-1011.23,-2.08,-4.19,-20.90,-31.20,-4.20,-69.15,28.8
2026/04/13 14:56:37.32,IMU,-23.44,-9.77,-999.02,-2.25,0.31,-21.88,-31.20,-4.20,-70.35,29.0
2026/04/13 14:56:37.42,IMU,-15.63,-21.48,-995.12,0.18,1.03,-17.08,-31.20,-1.50,-68.40,29.0
2026/04/13 14:56:37.52,IMU,-17.58,-29.30,-1017.09,-4.27,-1.37,-7.63,-33.30,-1.35,-69.30,29.1
2026/04/13 14:56:37.62,IMU,-25.39,-18.55,-1016.60,0.66,-2.46,-14.13,-32.40,0.00,-68.40,29.2
2026/04/13 14:56:37.72,IMU,-37.11,-15.14,-1011.72,-2.60,0.05,-20.79,-32.55,0.45,-70.50,29.1
2026/04/13 14:56:37.82,IMU,-32.71,-5.86,-1003.42,-1.18,-1.66,-19.78,-32.70,1.05,-69.60,28.8
2026/04/13 14:56:37.92,IMU,-32.23,-10.25,-1020.51,-0.47,-0.35,-20.60,-32.55,2.40,-69.30,29.1
2026/04/13 14:56:38.02,IMU,-10.25,-16.11,-1007.32,-0.52,-1.05,-18.24,-32.55,2.85,-69.75,29.1
2026/04/13 14:56:38.14,IMU,-4.88,-12.70,-1017.58,-0.34,-2.01,-26.37,-36.75,2.40,-69.75,29.1
2026/04/13 14:56:38.24,IMU,-32.71,-20.51,-1005.86,-1.98,-1.53,-31.60,-33.45,3.75,-72.45,29.4
2026/04/13 14:56:38.34,IMU,-15.14,-18.07,-1031.25,-1.43,-0.25,-6.76,-34.50,6.00,-73.05,29.2
2026/04/13 14:56:38.44,IMU,-14.16,-9.77,-1021.48,-1.47,-0.93,-17.50,-34.20,6.60,-69.90,29.2
2026/04/13 14:56:38.54,IMU,-16.11,-20.02,-1010.74,-1.87,1.11,-26.72,-34.80,8.25,-71.25,29.2
2026/04/13 14:56:38.64,IMU,-14.65,-28.32,-1027.34,-0.70,-1.21,-18.11,-34.80,8.70,-70.80,29.2
2026/04/13 14:56:38.74,IMU,-9.28,-19.04,-1012.70,-2.50,-2.34,-30.14,-36.60,9.30,-71.40,29.3
2026/04/13 14:56:38.84,IMU,-9.77,-34.67,-1011.72,-2.87,-1.63,-22.82,-34.20,11.55,-71.10,29.1
2026/04/13 14:56:38.94,IMU,-23.44,-27.83,-1019.53,-0.58,1.37,-11.81,-33.75,13.80,-70.05,29.3
2026/04/13 14:56:39.04,IMU,-5.37,-21.48,-1006.84,-0.63,-2.05,-14.80,-34.05,12.15,-70.50,29.4
2026/04/13 14:56:39.14,IMU,-13.18,-39.06,-1023.44,-2.81,-1.24,-28.63,-35.55,14.55,-71.25,29.4
2026/04/13 14:56:39.24,IMU,-28.32,-31.25,-997.56,-1.77,-3.31,-14.66,-33.45,15.45,-70.65,29.1
2026/04/13 14:56:39.34,IMU,-16.11,-39.55,-1023.93,-1.69,-0.28,-15.06,-34.50,16.80,-72.00,29.1
2026/04/13 14:56:39.44,IMU,-17.58,-15.14,-1006.84,-0.68,0.16,-26.08,-34.80,16.50,-72.75,29.2
2026/04/13 14:56:39.54,IMU,-32.71,-32.23,-1001.46,-1.93,-2.30,-17.18,-33.30,17.70,-71.25,28.8
2026/04/13 14:56:39.64,IMU,-29.79,-21.48,-1007.32,-1.47,-2.56,-18.14,-34.20,17.10,-72.15,29.2
2026/04/13 14:56:39.74,IMU,-14.16,-19.04,-1008.30,-2.24,-0.97,-13.69,-33.00,19.95,-72.00,29.4
2026/04/13 14:56:39.84,IMU,-22.95,-31.25,-1016.11,-1.47,-0.44,-16.73,-31.95,21.00,-72.15,29.2
2026/04/13 14:56:39.94,IMU,-33.20,-34.18,-1015.63,-2.00,-0.45,-16.21,-33.15,19.35,-71.70,29.1
2026/04/13 14:56:40.04,IMU,-19.04,-21.00,-995.61,-0.64,1.41,-16.98,-31.65,22.50,-70.65,29.3
2026/04/13 14:56:40.14,IMU,-18.07,-30.27,-1004.39,0.46,0.38,-17.15,-32.25,21.90,-71.25,29.3
2026/04/13 14:56:40.24,IMU,-16.60,-30.27,-1011.23,-0.76,0.23,-14.09,-31.65,25.20,-71.10,29.4
2026/04/13 14:56:40.34,IMU,-17.09,-26.37,-1004.88,-1.94,0.04,-22.07,-30.75,25.35,-71.25,29.1
2026/04/13 14:56:40.44,IMU,-26.86,-34.67,-1005.37,-1.08,-1.81,-16.23,-31.50,25.05,-71.55,29.0
2026/04/13 14:56:40.54,IMU,-30.27,-30.27,-1002.93,-1.37,-1.31,-13.95,-31.05,26.55,-71.55,28.9
2026/04/13 14:56:40.64,IMU,-26.86,-29.30,-998.54,-1.13,-2.53,-18.81,-30.45,27.15,-71.70,29.4
2026/04/13 14:56:40.74,IMU,-10.25,-15.63,-996.09,-0.50,-2.38,-14.67,-29.10,27.30,-72.00,29.4
2026/04/13 14:56:40.84,IMU,-28.32,-39.55,-1010.25,0.09,-0.50,-15.62,-29.85,28.50,-72.00,29.2
2026/04/13 14:56:40.94,IMU,-20.02,-20.02,-1000.98,-0.19,-1.90,-13.18,-27.15,29.85,-71.10,29.1
2026/04/13 14:56:41.04,IMU,-31.25,-32.71,-1011.23,-1.12,-2.89,-11.19,-27.60,29.70,-72.30,28.9
2026/04/13 14:56:41.14,IMU,-32.23,-32.71,-994.63,-0.98,-2.63,-16.83,-28.05,30.15,-72.00,29.1
2026/04/13 14:56:41.24,IMU,-36.13,-31.25,-999.02,1.24,-2.24,-13.27,-27.45,30.60,-73.20,29.1
2026/04/13 14:56:41.34,IMU,-36.62,-17.58,-996.09,-3.73,-3.73,-17.60,-26.10,33.15,-72.30,29.4
2026/04/13 14:56:41.45,IMU,-14.65,-15.63,-1008.30,-1.64,-2.56,-7.43,-25.95,32.55,-71.70,29.1
2026/04/13 14:56:41.55,IMU,-28.81,-48.83,-1001.46,0.88,-1.18,-4.07,-26.10,33.60,-73.50,29.1
2026/04/13 14:56:41.65,IMU,-16.11,-60.55,-996.09,-1.01,-1.59,-2.20,-25.35,33.60,-73.05,29.4
2026/04/13 14:56:41.75,IMU,-18.07,-40.53,-1010.74,-1.63,-1.05,-0.63,-25.65,33.75,-72.15,29.3
2026/04/13 14:56:41.85,IMU,-17.09,-21.97,-1013.18,-0.98,-1.60,-19.69,-24.30,33.90,-72.00,29.0
2026/04/13 14:56:41.95,IMU,-23.44,-36.62,-1009.77,-1.84,-2.49,-1.61,-24.45,33.75,-72.45,29.1
2026/04/13 14:56:42.05,IMU,-26.86,-34.67,-1004.39,-1.69,-1.18,-1.70,-24.90,34.20,-72.45,29.5
2026/04/13 14:56:42.15,IMU,-21.48,-28.32,-997.07,-1.07,-0.47,0.43,-24.60,34.35,-71.25,29.3
2026/04/13 14:56:42.25,IMU,-19.04,-34.67,-993.65,-0.76,-0.63,-1.27,-23.85,34.35,-70.80,29.1
2026/04/13 14:56:42.35,IMU,-24.41,-37.11,-995.12,-0.44,-1.74,0.15,-25.35,33.15,-71.55,29.5
2026/04/13 14:56:42.45,IMU,-16.60,-37.60,-996.09,0.31,-1.88,4.31,-24.45,34.20,-71.40,29.1
2026/04/13 14:56:42.55,IMU,-33.69,-40.53,-1005.37,-1.44,-2.73,1.04,-25.80,33.90,-70.80,29.1
2026/04/13 14:56:42.65,IMU,-22.95,-39.06,-974.61,-1.67,-3.15,-1.40,-25.05,33.15,-70.80,29.1
2026/04/13 14:56:42.75,IMU,-27.83,-31.74,-1018.07,-0.83,-0.61,-2.70,-25.35,34.35,-71.25,29.3
2026/04/13 14:56:42.85,IMU,-22.95,-29.30,-1010.74,-1.54,-0.02,-2.08,-27.30,34.95,-72.90,29.1
2026/04/13 14:56:42.95,IMU,-22.46,-36.13,-1015.63,-1.66,-1.37,-1.27,-24.90,33.45,-70.65,29.4
2026/04/13 14:56:43.05,IMU,-27.83,-38.09,-1007.81,-0.77,-1.12,-6.08,-25.65,33.75,-71.70,29.3
2026/04/13 14:56:43.15,IMU,-25.88,-19.53,-1008.79,-2.34,-2.05,-0.23,-24.60,33.60,-71.25,29.5
2026/04/13 14:56:43.25,IMU,-32.23,-37.11,-1006.84,-0.02,-0.31,-1.78,-23.85,33.90,-72.30,29.0
2026/04/13 14:56:43.35,IMU,-32.71,-37.60,-1014.16,-1.23,-1.10,-2.11,-24.30,34.80,-71.25,29.6
2026/04/13 14:56:43.45,IMU,-22.95,-38.09,-1015.14,-0.92,-1.27,-2.93,-24.60,34.80,-70.80,29.4
2026/04/13 14:56:43.55,IMU,-17.58,-34.67,-1001.46,-2.96,-1.40,2.21,-24.15,34.20,-71.40,29.4
2026/04/13 14:56:43.65,IMU,-26.37,-30.27,-1010.25,-0.17,-0.34,1.69,-24.45,33.45,-70.65,29.4
2026/04/13 14:56:43.75,IMU,-19.53,-31.25,-1004.39,-0.99,-2.91,-0.04,-23.70,34.20,-71.10,29.6
2026/04/13 14:56:43.85,IMU,-30.27,-33.20,-1005.37,-2.40,-3.30,-1.70,-24.90,33.45,-72.30,29.1
2026/04/13 14:56:43.95,IMU,-28.81,-36.13,-1002.93,-0.93,-0.24,1.80,-25.65,33.75,-71.40,29.4
2026/04/13 14:56:44.05,IMU,-21.00,-34.67,-1014.65,0.15,-1.60,-0.07,-25.35,33.15,-72.30,29.3
2026/04/13 14:56:44.15,IMU,-34.18,-24.90,-1009.77,-1.93,-1.69,-3.12,-25.35,33.90,-71.25,29.5
2026/04/13 14:56:44.25,IMU,-19.53,-21.00,-1010.25,-1.15,-3.20,3.95,-24.90,33.45,-71.10,29.4
2026/04/13 14:56:44.35,IMU,-20.51,-22.95,-1016.11,-3.14,0.39,-0.63,-24.30,32.85,-70.50,29.5
2026/04/13 14:56:44.45,IMU,-24.90,-28.32,-1010.25,-2.80,-1.08,0.56,-24.45,34.20,-72.45,29.3
2026/04/13 14:56:44.55,IMU,-29.30,-19.04,-1007.81,-0.96,-1.63,-0.95,-25.80,33.90,-71.55,29.4
2026/04/13 14:56:44.65,IMU,-23.93,-35.64,-1020.51,-3.01,-1.82,-0.93,-24.15,34.20,-71.40,29.4
2026/04/13 14:56:44.76,IMU,-28.81,-28.32,-1011.23,-0.88,-0.01,0.73,-25.65,34.95,-71.10,29.3
2026/04/13 14:56:44.86,IMU,-19.53,-30.76,-1010.74,0.06,-1.69,-1.45,-25.05,33.90,-69.30,29.4
2026/04/13 14:56:44.96,IMU,-36.13,-37.11,-1014.65,-1.98,-0.96,-1.70,-25.05,35.10,-71.25,29.5
2026/04/13 14:56:45.06,IMU,-33.69,-31.74,-1003.42,-0.73,-0.30,-0.57,-23.70,33.45,-71.70,29.1
2026/04/13 14:56:45.16,IMU,-27.34,-33.69,-1002.44,-1.37,-1.63,0.76,-25.05,33.60,-70.80,29.1
2026/04/13 14:56:45.26,IMU,-24.90,-25.88,-1015.14,-2.87,-0.58,-1.18,-26.85,33.15,-68.25,29.6
2026/04/13 14:56:45.36,IMU,-21.00,-22.46,-1013.67,-2.49,-0.73,-1.54,-26.70,33.45,-71.40,29.4
2026/04/13 14:56:45.46,IMU,-30.27,-36.13,-1012.21,-0.57,2.34,0.08,-24.30,33.90,-71.25,29.4
2026/04/13 14:56:45.56,IMU,-30.76,-25.88,-1024.41,-0.53,-0.38,-1.10,-25.80,34.80,-71.55,29.2
2026/04/13 14:56:45.66,IMU,-27.34,-26.86,-1017.09,-1.66,-0.69,1.14,-25.20,33.45,-70.65,29.4
2026/04/13 14:56:45.76,IMU,-28.32,-29.79,-1016.60,-1.60,-2.83,-2.85,-24.90,35.40,-71.10,29.2
2026/04/13 14:56:45.86,IMU,-33.20,-29.79,-1024.41,-1.92,1.76,0.96,-24.90,33.75,-71.10,29.4
2026/04/13 14:56:45.96,IMU,-26.37,-21.97,-1010.74,-3.39,-0.11,3.12,-24.90,33.75,-71.10,29.4
2026/04/13 14:56:46.06,IMU,-35.64,-24.41,-1006.84,-3.55,-1.27,-1.95,-24.30,34.35,-71.25,29.1
2026/04/13 14:56:46.16,IMU,-24.41,-36.62,-1002.44,-0.43,1.31,0.82,-25.20,32.55,-71.40,29.2
2026/04/13 14:56:46.26,IMU,-25.88,-29.79,-997.56,0.66,1.10,0.71,-28.65,31.80,-66.90,29.4
2026/04/13 14:56:46.36,IMU,-21.00,-19.53,-1011.72,-0.85,0.28,-2.14,-25.20,34.50,-70.35,29.1
2026/04/13 14:56:46.46,IMU,-31.74,-36.13,-1015.63,-0.41,1.31,0.37,-25.65,33.45,-70.35,29.4
2026/04/13 14:56:46.56,IMU,-40.53,-34.67,-1009.77,-0.88,-2.17,-0.15,-24.45,36.15,-72.45,29.2
2026/04/13 14:56:46.66,IMU,-26.86,-34.18,-1000.00,-0.65,0.32,2.09,-23.70,33.45,-71.70,29.6
2026/04/13 14:56:46.76,IMU,-27.83,-27.34,-1017.09,0.49,1.10,0.27,-25.35,34.35,-71.25,29.4
2026/04/13 14:56:46.86,IMU,-23.44,-40.53,-1006.84,-3.09,0.13,-3.03,-24.45,35.70,-71.10,29.4
2026/04/13 14:56:46.96,IMU,-22.95,-30.27,-1006.35,-1.53,0.34,0.84,-24.15,34.50,-71.10,29.4
2026/04/13 14:56:47.06,IMU,-12.21,-27.83,-1000.00,-0.15,-1.47,-0.07,-24.30,33.90,-70.80,29.4
2026/04/13 14:56:47.16,IMU,-21.48,-23.93,-1009.28,-1.51,-0.71,-0.40,-24.45,33.45,-71.70,29.6
2026/04/13 14:56:47.27,IMU,-21.00,-30.27,-1000.49,-0.61,-0.08,-2.38,-27.30,30.90,-66.00,29.2
2026/04/13 14:56:47.37,IMU,-27.34,-39.06,-994.14,-1.94,-1.76,-2.32,-24.30,33.90,-72.00,29.6
2026/04/13 14:56:47.47,IMU,-20.51,-33.69,-1004.88,-0.66,-0.75,-0.12,-24.30,33.90,-71.25,29.3
2026/04/13 14:56:47.57,IMU,-33.69,-41.02,-1008.79,-2.53,-1.42,-2.40,-24.60,34.35,-72.75,29.4
2026/04/13 14:56:47.67,IMU,-31.25,-24.41,-996.09,-1.28,0.06,-1.27,-24.45,33.00,-71.10,29.5
2026/04/13 14:56:47.77,IMU,-29.30,-32.23,-1016.11,0.34,-0.74,-2.61,-24.15,34.20,-71.70,29.3
2026/04/13 14:56:47.87,IMU,-29.79,-43.95,-1010.25,-4.03,-2.34,0.68,-24.60,32.85,-72.00,29.5
2026/04/13 14:56:47.97,IMU,-25.39,-23.44,-1004.39,-1.04,-2.59,-1.14,-24.45,34.20,-72.15,29.4
2026/04/13 14:56:48.07,IMU,-17.58,-30.76,-1014.16,-0.91,0.12,-1.76,-24.90,34.20,-71.70,29.7
2026/04/13 14:56:48.17,IMU,-35.16,-33.20,-1013.18,-2.73,-2.76,-0.31,-25.65,33.75,-71.40,29.4
2026/04/13 14:56:48.27,IMU,-28.32,-31.25,-1005.86,-2.15,3.40,-0.14,-24.90,33.75,-71.10,29.4
2026/04/13 14:56:48.37,IMU,-28.32,-36.13,-1009.77,-1.60,-0.58,1.09,-25.05,33.90,-70.50,29.5
2026/04/13 14:56:48.48,IMU,-22.46,-35.16,-1002.93,-2.53,0.08,-1.38,-25.20,35.40,-70.65,29.2
2026/04/13 14:56:48.58,IMU,-19.53,-28.32,-1005.37,-1.12,-2.78,0.79,-23.85,33.60,-71.25,29.6
2026/04/13 14:56:48.68,IMU,-21.97,-37.11,-1011.23,-1.66,-0.77,-0.50,-25.35,34.35,-70.50,29.2
2026/04/13 14:56:48.78,IMU,-21.00,-37.60,-1013.67,-1.74,-2.24,-0.61,-24.60,33.15,-71.25,29.5
2026/04/13 14:56:48.88,IMU,-27.83,-35.64,-1004.88,-1.03,-2.76,-3.31,-25.65,32.55,-71.70,29.1
2026/04/13 14:56:48.98,IMU,-32.23,-28.81,-1007.32,0.89,-0.18,-1.34,-25.80,33.60,-72.75,29.4
2026/04/13 14:56:49.08,IMU,-32.23,-23.93,-999.51,-2.43,-1.97,-1.48,-23.85,34.80,-70.80,29.5
2026/04/13 14:56:49.18,IMU,-27.34,-32.71,-1008.30,-2.09,-1.80,-1.40,-25.20,34.50,-71.10,29.2
2026/04/13 14:56:49.28,IMU,-31.74,-41.99,-1004.88,-2.78,-1.31,0.24,-24.60,34.35,-70.80,29.3
2026/04/13 14:56:49.38,IMU,-32.71,-34.18,-998.54,-2.44,-1.09,-1.97,-24.60,33.60,-72.00,29.5
2026/04/13 14:56:49.48,IMU,-32.71,-34.67,-1010.25,-1.47,1.19,-1.09,-25.05,34.35,-71.25,29.4
2026/04/13 14:56:49.58,IMU,-28.81,-31.25,-1012.21,-0.50,-1.21,-0.48,-24.15,34.20,-71.10,29.4
2026/04/13 14:56:49.68,IMU,-26.86,-21.48,-1000.98,-2.21,0.58,-0.32,-24.60,33.90,-72.30,29.4
2026/04/13 14:56:49.78,IMU,-27.83,-29.79,-1004.88,-2.77,-1.89,3.95,-25.35,33.90,-71.25,29.4
2026/04/13 14:56:49.88,IMU,-27.83,-35.64,-1006.84,-2.60,-1.50,-1.66,-25.95,33.45,-71.40,29.6
2026/04/13 14:56:49.98,IMU,-19.04,-30.76,-1011.23,-1.34,0.16,0.50,-25.05,34.35,-71.25,29.4
2026/04/13 14:56:50.08,IMU,-18.07,-37.11,-1004.39,-2.56,-0.18,-3.69,-24.90,34.50,-71.70,29.5
2026/04/13 14:56:50.18,IMU,-28.81,-23.93,-1008.79,-1.91,-1.98,2.05,-24.45,32.55,-71.10,29.4
2026/04/13 14:56:50.28,IMU,-34.67,-38.09,-1008.79,-1.82,0.80,-1.58,-25.35,35.85,-70.05,29.4
2026/04/13 14:56:50.38,IMU,-11.72,-38.09,-1010.25,-2.18,-1.67,-4.08,-24.90,33.00,-70.65,29.5
2026/04/13 14:56:50.48,IMU,-30.76,-25.39,-1000.98,-0.03,1.16,-1.41,-24.60,33.60,-71.55,29.1
2026/04/13 14:56:50.58,IMU,-21.48,-30.76,-997.56,-1.24,-1.34,2.02,-25.05,34.80,-70.80,29.1
2026/04/13 14:56:50.68,IMU,-26.86,-32.71,-1006.84,1.06,-0.83,-1.06,-25.35,33.90,-71.25,29.6
2026/04/13 14:56:50.78,IMU,-23.93,-25.39,-1006.84,-3.32,-0.63,-1.95,-23.70,34.20,-70.35,29.6
2026/04/13 14:56:50.88,IMU,-19.53,-32.23,-1007.32,-1.85,-0.78,0.99,-25.05,32.85,-72.00,29.2
2026/04/13 14:56:50.98,IMU,-24.90,-29.79,-1002.44,-2.85,-3.73,-0.84,-24.45,34.95,-70.65,29.4
2026/04/13 14:56:51.08,IMU,-30.27,-29.30,-1008.30,-0.69,-3.43,0.26,-24.60,34.35,-70.80,29.6
2026/04/13 14:56:51.18,IMU,-35.16,-29.79,-1006.35,-4.01,-1.69,-2.22,-24.45,33.75,-72.15,29.6
2026/04/13 14:56:51.28,IMU,-30.27,-26.86,-1014.65,-1.35,-0.90,-0.20,-24.30,33.90,-71.25,29.5
2026/04/13 14:56:51.38,IMU,-30.27,-26.37,-997.07,-1.44,-0.84,0.69,-24.90,34.50,-70.35,29.4
2026/04/13 14:56:51.48,IMU,-25.88,-28.32,-1008.30,0.04,0.85,-1.80,-25.65,33.45,-70.65,29.5
2026/04/13 14:56:51.58,IMU,-34.67,-21.97,-1007.81,-0.62,-2.61,-2.98,-25.20,34.20,-68.40,29.5
2026/04/13 14:56:51.69,IMU,-24.90,-35.16,-997.56,-1.27,-2.21,-1.98,-24.90,33.75,-70.35,29.4
2026/04/13 14:56:51.79,IMU,-18.55,-29.79,-1011.72,-2.96,-1.29,-0.66,-24.90,33.75,-71.40,29.7
2026/04/13 14:56:51.89,IMU,-25.39,-36.13,-1004.39,-3.10,-1.03,-5.50,-24.60,34.35,-70.80,29.1
2026/04/13 14:56:51.99,IMU,-26.86,-20.51,-1002.93,-0.31,0.09,-1.03,-24.90,34.95,-69.90,29.5
2026/04/13 14:56:52.09,IMU,-29.79,-26.86,-1000.49,-0.77,2.37,-0.44,-26.40,34.50,-70.35,29.6
2026/04/13 14:56:52.19,IMU,-20.51,-31.74,-1003.42,-1.21,-2.74,-3.02,-24.60,34.80,-71.55,29.6
2026/04/13 14:56:52.29,IMU,-26.86,-31.25,-993.16,-1.79,-1.80,-1.12,-25.20,34.50,-71.70,29.2
2026/04/13 14:56:52.39,IMU,-17.09,-30.27,-1009.28,-2.02,0.24,-0.56,-24.90,35.40,-69.60,29.5
2026/04/13 14:56:52.49,IMU,-24.41,-20.02,-999.51,-3.13,-0.31,-3.15,-25.20,34.95,-71.10,29.5
2026/04/13 14:56:52.59,IMU,-21.00,-39.06,-1017.58,-1.76,-0.02,0.13,-25.20,34.95,-69.90,29.6
2026/04/13 14:56:52.69,IMU,-25.39,-33.69,-1000.00,-0.17,-0.40,0.01,-24.30,34.35,-70.50,29.4
2026/04/13 14:56:52.79,IMU,-17.58,-35.16,-1015.14,-1.79,0.80,-4.11,-25.65,33.45,-71.40,29.5
2026/04/13 14:56:52.89,IMU,-30.27,-41.99,-1063.96,-1.44,-1.58,2.05,-25.05,33.15,-70.05,29.5
2026/04/13 14:56:52.99,IMU,-21.48,-33.20,-1002.44,-2.07,-2.29,6.85,-25.65,34.20,-72.15,29.4
2026/04/13 14:56:53.09,IMU,-12.70,-34.67,-997.07,-2.00,-1.30,4.75,-26.10,33.90,-69.00,29.4
2026/04/13 14:56:53.19,IMU,-19.04,-28.32,-999.51,-1.99,-1.33,5.66,-25.95,33.75,-70.35,29.4
2026/04/13 14:56:53.29,IMU,-43.46,-35.64,-1006.84,-1.99,-2.01,3.88,-26.40,33.00,-70.35,29.5
2026/04/13 14:56:53.39,IMU,-17.09,-23.44,-1005.37,-3.07,-1.59,7.06,-26.55,32.40,-71.25,29.6
2026/04/13 14:56:53.49,IMU,-36.13,-27.34,-1005.86,-2.41,-0.34,4.47,-26.70,33.00,-71.10,29.3
2026/04/13 14:56:53.59,IMU,-32.23,-25.88,-1008.79,-2.23,-2.02,11.06,-26.40,33.45,-71.10,29.5
2026/04/13 14:56:53.69,IMU,-22.95,-30.27,-999.02,-0.82,0.92,10.80,-27.15,31.80,-70.65,29.4
2026/04/13 14:56:53.79,IMU,-24.41,-31.25,-1009.77,0.82,2.05,7.92,-28.35,29.70,-70.05,29.5
2026/04/13 14:56:53.89,IMU,-14.65,-36.13,-1009.77,-1.39,-0.36,8.34,-27.90,31.50,-69.90,29.6
2026/04/13 14:56:53.99,IMU,-33.20,-30.76,-1009.77,-3.66,1.15,15.05,-28.20,30.30,-71.40,29.2
2026/04/13 14:56:54.09,IMU,-21.00,-19.53,-1013.18,0.11,1.39,26.40,-28.95,29.85,-72.15,29.6
2026/04/13 14:56:54.19,IMU,-24.90,-25.39,-1012.70,-2.57,0.84,9.05,-28.80,28.95,-72.00,29.6
2026/04/13 14:56:54.29,IMU,-16.11,-23.44,-994.63,0.79,1.06,12.84,-29.10,28.20,-71.55,29.4
2026/04/13 14:56:54.39,IMU,-13.67,-29.30,-997.07,0.13,-0.56,9.86,-32.40,25.65,-69.60,29.4
2026/04/13 14:56:54.49,IMU,-23.44,-29.79,-1005.86,-2.53,1.54,14.39,-30.90,26.40,-72.90,29.5
2026/04/13 14:56:54.59,IMU,-17.09,-36.62,-1004.39,-1.15,-0.30,13.97,-31.65,26.40,-71.40,29.6
2026/04/13 14:56:54.69,IMU,-18.07,-32.71,-1021.97,0.24,0.87,11.68,-29.55,25.80,-72.30,29.4
2026/04/13 14:56:54.80,IMU,-26.37,-38.09,-1002.93,0.28,-3.30,13.95,-31.65,24.90,-71.40,29.6
2026/04/13 14:56:54.90,IMU,-21.97,-19.04,-1011.23,-1.59,-0.34,13.50,-31.65,24.90,-71.40,29.6
2026/04/13 14:56:55.00,IMU,-17.58,-30.76,-1003.42,-0.21,-3.37,16.24,-32.25,22.65,-70.50,29.5
2026/04/13 14:56:55.10,IMU,-15.14,-11.23,-1013.67,-1.00,4.25,10.92,-33.00,21.90,-70.05,29.4
2026/04/13 14:56:55.20,IMU,-14.65,-19.04,-991.21,-1.06,1.36,15.95,-31.95,22.95,-69.15,29.5
2026/04/13 14:56:55.30,IMU,-39.55,-25.88,-993.16,-0.17,1.26,17.21,-33.15,22.50,-69.90,29.6
2026/04/13 14:56:55.40,IMU,-20.51,-23.44,-994.14,-0.38,0.09,15.41,-38.40,18.60,-65.40,29.6
2026/04/13 14:56:55.50,IMU,-21.48,-29.30,-1010.25,-0.47,-1.08,16.54,-34.05,20.70,-70.50,29.6
2026/04/13 14:56:55.60,IMU,-24.41,-29.79,-1013.18,-1.60,-1.92,17.56,-33.90,19.35,-69.15,29.5
2026/04/13 14:56:55.70,IMU,-26.37,-24.90,-1002.44,-1.18,-2.31,19.08,-33.15,18.15,-68.85,29.2
2026/04/13 14:56:55.80,IMU,-36.62,-24.41,-1005.37,-1.40,-0.45,17.11,-35.40,17.40,-66.90,29.6
2026/04/13 14:56:55.90,IMU,-21.97,-24.41,-1005.37,-2.60,0.99,24.05,-35.70,15.90,-67.65,29.5
2026/04/13 14:56:56.00,IMU,-30.76,-34.18,-1007.32,-0.21,-1.70,19.00,-34.80,14.85,-69.30,29.6
2026/04/13 14:56:56.10,IMU,-17.09,-27.83,-1009.77,0.60,0.60,15.76,-36.75,12.15,-68.55,29.1
2026/04/13 14:56:56.20,IMU,-26.86,-21.97,-989.75,-0.66,0.96,15.92,-36.15,11.55,-66.90,29.4
2026/04/13 14:56:56.30,IMU,-13.67,-34.18,-1009.77,-2.66,-0.96,16.85,-34.50,10.95,-67.20,29.6
2026/04/13 14:56:56.41,IMU,-13.18,-18.55,-1004.39,0.39,-0.50,12.51,-38.85,7.65,-63.60,29.4
2026/04/13 14:56:56.51,IMU,-22.46,-23.93,-1004.39,-0.40,0.82,19.95,-36.00,9.45,-67.20,29.6
2026/04/13 14:56:56.61,IMU,-18.07,-19.53,-1003.42,-0.47,-0.01,24.98,-36.60,8.85,-65.85,29.2
2026/04/13 14:56:56.71,IMU,-14.65,-28.32,-1001.46,0.98,0.89,13.48,-34.65,6.60,-66.90,29.6
2026/04/13 14:56:56.81,IMU,-12.21,-21.00,-1008.79,-1.51,-1.88,10.59,-34.80,6.00,-67.50,29.6
2026/04/13 14:56:56.91,IMU,-1.46,-23.44,-1013.18,-0.27,0.47,9.42,-35.55,6.00,-67.20,29.4
2026/04/13 14:56:57.01,IMU,-11.72,-21.48,-1016.60,-2.05,-0.40,13.76,-35.70,4.65,-68.10,29.4
2026/04/13 14:56:57.11,IMU,-27.34,-31.25,-1000.98,-0.85,-1.09,19.60,-34.65,3.00,-67.35,29.5
2026/04/13 14:56:57.21,IMU,-9.28,-14.65,-1002.44,-0.37,-1.79,15.48,-33.30,3.60,-66.75,29.8
2026/04/13 14:56:57.31,IMU,-30.27,-16.11,-997.07,-1.60,-0.80,13.13,-35.25,2.40,-67.20,29.5
2026/04/13 14:56:57.41,IMU,-5.37,-5.86,-1011.23,-0.26,-1.99,17.25,-33.30,0.90,-65.70,29.4
2026/04/13 14:56:57.51,IMU,-25.88,-21.00,-1005.37,-1.33,1.14,22.63,-34.65,0.30,-66.60,29.4
2026/04/13 14:56:57.61,IMU,-29.79,-47.36,-1026.86,-1.57,-0.49,19.49,-34.20,0.30,-65.10,29.6
2026/04/13 14:56:57.71,IMU,-23.44,-21.48,-1007.81,-1.07,-1.66,11.34,-31.95,-1.50,-66.60,29.4
2026/04/13 14:56:57.81,IMU,-14.65,-18.55,-1011.72,-0.56,-0.66,15.67,-32.55,-1.65,-66.75,29.1
2026/04/13 14:56:57.91,IMU,-11.23,-13.67,-998.54,-0.52,-0.77,13.37,-31.95,-2.25,-66.60,29.5
2026/04/13 14:56:58.01,IMU,-27.83,-17.09,-1006.84,-0.30,1.50,16.88,-34.05,-4.35,-67.20,29.6
2026/04/13 14:56:58.11,IMU,-23.93,-33.69,-1009.77,-1.18,-0.76,14.73,-31.95,-3.75,-66.15,29.1
2026/04/13 14:56:58.21,IMU,-15.14,-13.18,-1016.11,-1.27,-1.95,7.46,-32.25,-5.25,-66.45,29.4
2026/04/13 14:56:58.31,IMU,-25.88,-9.28,-1005.86,-2.14,-1.11,9.08,-31.05,-5.25,-66.75,29.6
2026/04/13 14:56:58.41,IMU,-25.88,-12.21,-1025.39,-2.34,-1.69,10.50,-32.55,-6.00,-66.45,29.4
2026/04/13 14:56:58.51,IMU,-13.18,-11.23,-1012.70,-2.46,1.01,16.01,-29.10,-6.75,-67.95,29.4
2026/04/13 14:56:58.61,IMU,0.00,-24.90,-1030.76,-0.79,-0.73,11.93,-30.15,-6.90,-68.10,29.5
2026/04/13 14:56:58.71,IMU,-8.30,-26.37,-999.02,-1.87,-0.80,12.31,-30.15,-8.55,-68.40,29.6
2026/04/13 14:56:58.82,IMU,-15.63,-3.42,-1016.11,-0.38,0.15,7.79,-30.15,-7.65,-67.35,29.4
2026/04/13 14:56:58.92,IMU,-16.60,-16.11,-1010.25,-1.00,-0.21,5.73,-29.40,-8.10,-67.35,29.6
2026/04/13 14:56:59.02,IMU,-8.79,-24.41,-999.51,-1.63,-1.30,12.31,-27.60,-9.00,-67.95,29.3
2026/04/13 14:56:59.12,IMU,-3.42,-24.41,-990.72,-1.15,-4.15,-0.27,-28.20,-10.50,-66.90,29.5
2026/04/13 14:56:59.22,IMU,-22.95,-15.14,-1001.46,-1.44,-1.68,2.33,-28.20,-10.05,-68.40,29.4
2026/04/13 14:56:59.32,IMU,-13.18,-25.88,-1007.32,-0.21,-2.11,1.58,-28.05,-9.00,-66.75,29.4
2026/04/13 14:56:59.42,IMU,-5.86,-23.93,-1001.46,-1.37,-1.48,-1.51,-28.95,-9.30,-67.35,29.4
2026/04/13 14:56:59.52,IMU,-21.48,-31.25,-1007.32,-0.90,-0.29,-0.36,-27.90,-9.60,-66.15,29.5
2026/04/13 14:56:59.62,IMU,-5.37,-22.46,-1009.77,-1.15,0.77,-0.82,-30.45,-8.85,-65.85,29.5
2026/04/13 14:56:59.72,IMU,-11.23,-33.20,-1007.32,-2.00,-1.05,-2.08,-29.55,-9.00,-66.00,29.1
2026/04/13 14:56:59.82,IMU,-6.84,-24.90,-1011.72,-2.85,-0.47,-3.44,-30.30,-9.90,-65.25,29.3
2026/04/13 14:56:59.92,IMU,-7.32,-28.81,-1014.16,-1.57,1.39,2.28,-28.35,-9.45,-67.50,29.6
2026/04/13 14:57:00.02,IMU,-5.37,-36.62,-1000.98,-2.13,-0.71,2.96,-28.80,-10.65,-67.95,29.5
2026/04/13 14:57:00.12,IMU,-7.32,-6.35,-996.58,-0.53,-1.54,1.01,-28.05,-10.20,-66.75,29.4
2026/04/13 14:57:00.22,IMU,-27.34,-6.84,-1000.49,-1.08,-0.30,1.65,-28.05,-8.70,-66.45,29.2
2026/04/13 14:57:00.32,IMU,-11.72,-19.04,-1016.60,-0.97,0.86,-0.16,-28.95,-9.60,-65.85,29.6
2026/04/13 14:57:00.42,IMU,-11.72,-26.86,-1007.32,-1.93,1.30,-5.65,-28.65,-8.55,-66.60,29.5
2026/04/13 14:57:00.52,IMU,-8.30,-8.30,-1010.25,-1.92,2.49,0.85,-27.30,-10.20,-65.25,29.0
2026/04/13 14:57:00.62,IMU,-16.60,-19.04,-1017.58,-2.12,-1.84,-1.30,-28.20,-9.60,-65.85,29.6
2026/04/13 14:57:00.72,IMU,-17.09,-16.60,-1015.14,-2.48,-1.20,-3.24,-27.30,-9.45,-65.70,29.6
2026/04/13 14:57:00.82,IMU,-22.46,-21.97,-1000.00,0.24,-2.27,-0.62,-28.35,-9.90,-65.70,29.4
2026/04/13 14:57:00.92,IMU,-11.72,-19.04,-1001.95,-0.50,-1.09,-0.05,-28.05,-9.90,-65.70,29.2
2026/04/13 14:57:01.02,IMU,-21.00,-29.79,-1009.28,-0.38,0.92,-3.53,-28.80,-9.45,-66.45,29.7
2026/04/13 14:57:01.12,IMU,-27.83,-20.51,-1016.11,-1.05,0.86,-3.66,-29.55,-10.65,-65.25,29.6
2026/04/13 14:57:01.22,IMU,-12.21,-23.44,-1008.79,-2.95,-2.24,-1.89,-29.10,-9.45,-65.70,29.6
2026/04/13 14:57:01.32,IMU,-17.09,-22.95,-996.58,-0.09,0.44,-1.44,-28.80,-9.90,-66.75,29.4
2026/04/13 14:57:01.42,IMU,-18.55,-25.88,-1013.67,-2.13,-2.73,1.37,-28.95,-10.05,-65.40,29.6
2026/04/13 14:57:01.52,IMU,-9.28,-21.00,-1014.65,-0.15,1.77,-3.98,-28.20,-11.25,-66.60,29.4
2026/04/13 14:57:01.62,IMU,-6.84,-19.53,-1004.39,-1.21,2.12,-4.16,-28.65,-10.05,-66.90,29.2
2026/04/13 14:57:01.72,IMU,-15.63,-10.74,-1014.65,-1.02,-1.76,1.40,-30.30,-10.65,-65.70,29.4
2026/04/13 14:57:01.82,IMU,-15.63,-27.83,-1017.58,-2.30,1.36,0.80,-26.85,-10.95,-67.50,29.5
2026/04/13 14:57:01.93,IMU,-24.41,-17.58,-1015.14,-0.82,-0.93,-0.95,-28.95,-9.60,-65.40,29.5
2026/04/13 14:57:02.03,IMU,-16.60,-21.48,-1008.79,-1.60,0.22,-2.31,-29.55,-10.95,-67.20,29.7
2026/04/13 14:57:02.13,IMU,-12.70,-20.51,-998.54,-2.32,-1.66,2.08,-28.80,-9.45,-66.75,29.2
2026/04/13 14:57:02.23,IMU,-6.35,-17.09,-1012.21,-1.28,1.32,1.08,-27.30,-10.95,-66.45,29.4
2026/04/13 14:57:02.33,IMU,-3.91,-11.72,-1043.95,-2.94,-2.00,-4.83,-28.65,-9.30,-65.40,29.6
2026/04/13 14:57:02.43,IMU,-16.60,-21.00,-1013.67,-1.69,-0.33,0.21,-28.20,-10.80,-65.10,29.5
2026/04/13 14:57:02.53,IMU,-21.48,-27.83,-1018.55,-0.73,-1.04,-2.14,-28.65,-9.60,-65.10,29.5
2026/04/13 14:57:02.63,IMU,-11.23,-24.41,-1018.07,-1.31,-2.18,-0.80,-28.80,-10.20,-65.70,29.3
2026/04/13 14:57:02.73,IMU,-13.18,-18.07,-1008.79,-1.66,-1.83,-2.47,-28.35,-9.90,-65.70,29.6
2026/04/13 14:57:02.83,IMU,-10.74,-27.34,-1013.18,-1.81,-0.82,-4.05,-27.90,-8.85,-65.85,29.1
2026/04/13 14:57:02.93,IMU,-13.18,-16.11,-1005.37,-2.06,-1.80,0.65,-27.90,-9.30,-65.85,29.4
2026/04/13 14:57:03.03,IMU,-14.16,-21.48,-998.05,-1.12,2.63,0.59,-27.90,-10.80,-65.85,29.6
2026/04/13 14:57:03.13,IMU,-4.39,-24.41,-1008.30,-0.18,-1.12,-0.18,-29.85,-10.65,-66.45,29.6
2026/04/13 14:57:03.23,IMU,-9.77,-14.16,-1021.48,-0.38,0.03,-0.82,-27.45,-10.05,-66.15,29.4
2026/04/13 14:57:03.33,IMU,-18.07,-16.11,-1017.58,-0.92,-2.50,-1.54,-28.65,-9.60,-66.60,29.6
2026/04/13 14:57:03.43,IMU,-13.67,-23.93,-1020.02,-1.46,-1.11,0.13,-28.80,-9.45,-66.00,29.5
2026/04/13 14:57:03.53,IMU,-21.00,-22.95,-1003.91,-2.39,-0.73,-0.90,-30.45,-12.45,-61.05,29.4
2026/04/13 14:57:03.63,IMU,-12.70,-21.97,-1014.65,-0.61,0.28,0.04,-29.85,-10.20,-66.00,29.6
2026/04/13 14:57:03.73,IMU,-15.63,-23.93,-1006.35,-2.45,-0.47,-0.01,-28.80,-8.70,-66.00,29.6
2026/04/13 14:57:03.83,IMU,-13.67,-18.07,-1022.95,-1.66,0.77,-0.48,-29.70,-10.05,-65.85,29.8
2026/04/13 14:57:03.93,IMU,-7.32,-22.46,-1001.46,-3.92,-1.94,-3.18,-28.05,-10.95,-65.70,29.5
2026/04/13 14:57:04.03,IMU,-6.84,-17.58,-1009.28,1.24,-1.64,-1.18,-28.05,-9.45,-65.25,29.4
2026/04/13 14:57:04.13,IMU,-16.60,-17.58,-1005.86,-1.47,1.40,1.44,-28.05,-10.65,-65.25,29.5
2026/04/13 14:57:04.23,IMU,-12.21,-34.18,-1012.21,0.05,-2.58,2.49,-28.80,-9.45,-65.70,29.6
2026/04/13 14:57:04.33,IMU,-17.09,-21.48,-1000.98,-0.65,0.96,0.57,-28.20,-8.85,-65.85,29.4
2026/04/13 14:57:04.43,IMU,-17.09,-22.95,-996.09,-1.66,2.01,-0.57,-28.65,-10.05,-65.85,29.6
2026/04/13 14:57:04.53,IMU,-19.53,-22.46,-1011.23,-1.92,0.76,1.10,-30.15,-12.75,-62.10,29.3
2026/04/13 14:57:04.63,IMU,-15.63,-24.41,-997.56,-0.78,-2.48,-0.95,-28.35,-10.95,-66.00,29.3
2026/04/13 14:57:04.73,IMU,-17.09,-27.34,-1000.49,-2.41,-1.25,-1.23,-28.35,-9.90,-66.45,29.6
2026/04/13 14:57:04.84,IMU,-13.67,-23.93,-1003.91,-0.23,0.53,-0.37,-28.20,-10.50,-67.35,29.2
2026/04/13 14:57:04.94,IMU,-12.70,-13.18,-1006.84,-1.68,-3.58,-1.76,-29.55,-10.65,-65.70,29.4
2026/04/13 14:57:05.04,IMU,-25.39,-30.76,-1006.35,-3.37,-1.56,0.41,-27.90,-10.80,-66.90,29.6
2026/04/13 14:57:05.14,IMU,-9.28,-10.25,-1010.74,-0.96,-0.81,-2.79,-26.70,-12.45,-66.90,29.4
2026/04/13 14:57:05.24,IMU,-8.30,-16.60,-1007.81,-1.63,-0.08,-2.98,-28.95,-9.60,-66.90,29.6
2026/04/13 14:57:05.34,IMU,-11.72,-20.02,-1014.16,-1.75,-2.19,-1.49,-28.05,-10.95,-66.00,29.7
2026/04/13 14:57:05.44,IMU,-13.67,-26.86,-1009.77,-2.76,-1.69,1.53,-29.85,-10.95,-64.50,29.6
2026/04/13 14:57:05.55,IMU,-24.90,-12.21,-1006.35,-2.76,0.55,-0.12,-28.95,-12.75,-64.80,29.1
2026/04/13 14:57:05.65,IMU,-19.04,-23.44,-1017.58,-0.26,-0.36,1.66,-28.35,-9.90,-66.45,29.2
2026/04/13 14:57:05.75,IMU,-22.46,-25.88,-1017.09,-0.85,-4.08,-2.49,-27.60,-9.90,-66.75,29.5
2026/04/13 14:57:05.85,IMU,-10.74,-20.02,-1021.48,-3.79,1.27,0.51,-27.90,-10.05,-66.60,29.6
2026/04/13 14:57:05.95,IMU,-21.00,-20.51,-1001.46,-0.40,0.95,-0.49,-29.10,-9.00,-67.50,29.4
2026/04/13 14:57:06.05,IMU,-3.91,-13.18,-1014.16,-1.96,-0.70,0.47,-28.65,-10.05,-68.10,29.6
2026/04/13 14:57:06.15,IMU,-3.91,-5.86,-1005.86,-0.27,-1.02,0.33,-28.20,-10.05,-66.15,29.5
2026/04/13 14:57:06.25,IMU,-12.70,-31.25,-1013.18,-3.47,-1.85,-2.32,-28.20,-9.60,-67.35,29.6
2026/04/13 14:57:06.35,IMU,-5.86,-17.09,-1007.81,-1.68,-2.37,-1.33,-29.55,-9.90,-67.20,29.6
2026/04/13 14:57:06.45,IMU,-16.60,-28.32,-1016.60,-0.75,1.74,1.18,-29.40,-10.50,-66.15,29.6
2026/04/13 14:57:06.55,IMU,-12.21,-19.04,-1008.79,-1.36,-2.68,-4.21,-28.20,-8.55,-66.15,29.6
2026/04/13 14:57:06.65,IMU,-15.14,-17.58,-1008.30,-2.02,-0.63,0.10,-27.60,-9.90,-66.00,29.5
2026/04/13 14:57:06.75,IMU,-16.11,-11.72,-1007.81,-3.19,0.41,0.30,-28.20,-9.60,-69.15,29.7
2026/04/13 14:57:06.85,IMU,-10.74,-21.48,-1007.81,-1.89,0.51,-0.79,-28.20,-10.50,-69.60,29.4
2026/04/13 14:57:06.95,IMU,-4.39,-7.32,-1006.35,0.29,-1.80,-1.58,-27.90,-12.00,-70.35,29.4
2026/04/13 14:57:07.05,IMU,-9.77,-12.70,-1002.44,-2.65,-1.57,1.28,-29.40,-11.55,-70.35,29.6
2026/04/13 14:57:07.15,IMU,-1.95,-21.00,-1004.39,-2.07,1.92,-1.14,-27.90,-10.50,-72.15,29.6
2026/04/13 14:57:07.25,IMU,-5.37,-13.18,-999.51,-0.92,1.45,1.98,-28.80,-10.65,-72.00,29.6
2026/04/13 14:57:07.35,IMU,-21.00,-13.67,-1011.23,0.01,-2.84,-1.92,-28.20,-10.50,-72.45,29.6
2026/04/13 14:57:07.45,IMU,-15.14,-26.86,-1009.28,-1.10,-1.13,0.04,-27.90,-10.50,-71.70,29.7
2026/04/13 14:57:07.55,IMU,-3.91,-10.25,-1010.25,-1.34,-1.24,-1.44,-28.05,-10.65,-71.25,29.7
2026/04/13 14:57:07.65,IMU,-6.35,-21.00,-1016.11,0.50,-1.12,-2.90,-27.30,-10.20,-72.00,29.5
2026/04/13 14:57:07.76,IMU,-8.79,-21.00,-1008.30,-0.91,-0.96,-2.55,-28.20,-12.00,-72.15,29.6
2026/04/13 14:57:07.86,IMU,-9.77,-11.23,-997.07,1.50,0.78,0.83,-28.05,-12.60,-71.55,29.4
2026/04/13 14:57:07.96,IMU,0.98,-22.95,-1000.98,-0.93,0.48,1.82,-28.05,-11.85,-73.05,29.4
2026/04/13 14:57:08.06,IMU,-9.77,-17.58,-1020.02,-0.23,-1.24,-1.18,-27.30,-11.85,-71.25,29.5
2026/04/13 14:57:08.16,IMU,-18.07,-11.72,-1020.51,-2.80,-0.85,-1.77,-28.05,-10.65,-72.75,29.5
2026/04/13 14:57:08.26,IMU,-22.46,-22.46,-1006.84,-2.18,-4.04,1.52,-27.30,-12.60,-72.75,29.6
2026/04/13 14:57:08.36,IMU,-14.16,-17.58,-995.61,-0.98,-1.80,2.25,-28.20,-12.00,-73.20,29.6
2026/04/13 14:57:08.46,IMU,-9.77,-12.70,-1005.86,-3.08,-0.02,-1.80,-27.90,-12.45,-72.90,29.3
2026/04/13 14:57:08.56,IMU,-23.93,-9.28,-1020.51,-2.65,-4.62,-5.63,-27.45,-13.20,-72.90,29.6
2026/04/13 14:57:08.66,IMU,30.27,-37.60,-1073.73,-1.15,32.94,-45.37,-26.55,-9.90,-73.50,29.6
2026/04/13 14:57:08.76,IMU,-21.97,-18.07,-1007.81,-4.14,0.20,-4.65,-28.35,-10.65,-74.55,29.5
2026/04/13 14:57:08.86,IMU,-23.93,-23.44,-1031.25,-2.63,-0.41,-1.21,-28.20,-9.60,-73.95,29.4
2026/04/13 14:57:08.96,IMU,-10.25,-13.18,-1031.25,-8.45,-1.84,-5.28,-28.20,-10.50,-72.45,29.9
2026/04/13 14:57:09.06,IMU,-23.93,0.98,-1004.88,2.83,-2.04,-1.49,-27.45,-9.30,-73.95,29.6
2026/04/13 14:57:09.16,IMU,-19.53,0.49,-1006.35,4.36,-0.36,-0.50,-29.10,-10.65,-73.80,29.4
2026/04/13 14:57:09.26,IMU,-14.16,-11.23,-1002.44,-0.34,-2.48,9.77,-28.05,-11.85,-72.00,29.6
2026/04/13 14:57:09.36,IMU,-18.07,-17.09,-1013.18,0.03,-0.31,5.07,-27.30,-9.90,-72.45,29.8
2026/04/13 14:57:09.46,IMU,-11.23,-10.74,-1003.91,-1.57,-1.36,-1.66,-26.55,-10.95,-74.55,29.5
2026/04/13 14:57:09.56,IMU,-10.74,-10.25,-1014.16,-2.12,-1.94,-1.69,-27.15,-10.80,-73.20,29.5
2026/04/13 14:57:09.66,IMU,-22.95,-4.88,-1014.65,-0.31,-2.35,-0.29,-27.60,-12.60,-75.30,29.5
2026/04/13 14:57:09.76,IMU,-26.86,-6.84,-1003.42,0.52,0.27,3.45,-26.40,-11.55,-73.95,29.7
2026/04/13 14:57:09.86,IMU,-18.55,-20.51,-1015.14,-0.69,-0.40,0.27,-27.30,-11.85,-73.50,29.7
2026/04/13 14:57:09.96,IMU,-22.95,-19.53,-1015.63,0.17,0.82,-5.01,-27.15,-13.20,-72.45,29.4
2026/04/13 14:57:10.06,IMU,-11.23,-9.77,-998.54,-1.15,0.83,-3.81,-26.85,-11.40,-73.80,29.7
2026/04/13 14:57:10.16,IMU,-26.86,-23.44,-1011.23,0.56,-2.31,8.18,-28.35,-11.85,-73.80,29.7
2026/04/13 14:57:10.26,IMU,-14.65,-10.74,-1015.63,-0.08,2.29,-1.44,-27.30,-12.90,-73.80,29.6
2026/04/13 14:57:10.36,IMU,-22.95,-11.72,-1006.35,-1.73,0.67,4.22,-27.30,-12.60,-74.55,29.4
2026/04/13 14:57:10.46,IMU,-21.48,-7.32,-1011.23,-0.89,1.37,-1.79,-25.95,-12.45,-74.40,29.7
2026/04/13 14:57:10.56,IMU,-13.67,-12.21,-1010.74,-0.19,-1.28,0.51,-25.35,-12.15,-74.10,29.7
2026/04/13 14:57:10.67,IMU,-23.93,-9.28,-999.51,-1.58,-1.51,6.09,-27.30,-10.20,-75.30,29.8
2026/04/13 14:57:10.77,IMU,-22.46,-20.02,-1002.93,0.02,-2.19,7.24,-26.10,-12.15,-74.10,29.6
2026/04/13 14:57:10.87,IMU,-13.67,-20.02,-1004.88,-2.85,0.82,-0.73,-25.80,-12.60,-73.80,29.6
2026/04/13 14:57:10.97,IMU,-20.02,-1.46,-1000.98,-0.20,-0.10,-4.21,-25.65,-11.55,-74.70,29.6
2026/04/13 14:57:11.07,IMU,-10.74,-10.25,-1009.77,-2.10,-1.96,0.36,-25.80,-12.90,-74.85,29.4
2026/04/13 14:57:11.17,IMU,-29.79,-11.23,-1014.16,-0.74,0.27,-1.47,-27.15,-10.50,-74.40,29.6
2026/04/13 14:57:11.27,IMU,-25.88,-15.63,-1004.88,-1.31,-1.30,-2.48,-25.80,-10.95,-74.85,29.6
2026/04/13 14:57:11.37,IMU,-6.35,-7.32,-1001.95,-1.56,0.17,0.83,-26.40,-11.55,-74.40,29.4
2026/04/13 14:57:11.47,IMU,-23.44,-27.34,-1006.84,-0.64,-0.69,-3.80,-25.65,-11.55,-75.15,29.5
2026/04/13 14:57:11.57,IMU,-17.09,-14.65,-1010.25,-0.86,-1.23,0.11,-26.55,-12.15,-74.85,29.5
2026/04/13 14:57:11.67,IMU,-7.81,-15.14,-999.51,-2.32,-1.02,-5.73,-27.15,-10.05,-73.95,29.8
2026/04/13 14:57:11.77,IMU,-13.18,-16.11,-1012.70,-0.36,-2.96,-0.55,-26.85,-11.85,-74.10,29.6
2026/04/13 14:57:11.87,IMU,-22.46,-7.32,-1006.35,-2.32,-0.04,-8.72,-26.40,-11.55,-75.90,29.8
2026/04/13 14:57:11.97,IMU,-14.65,-35.16,-993.65,0.05,-0.34,1.06,-26.10,-11.40,-74.10,29.6
2026/04/13 14:57:12.07,IMU,-29.30,-15.14,-1004.88,-1.73,-2.03,0.15,-25.65,-10.80,-73.65,29.6
2026/04/13 14:57:12.17,IMU,-11.23,-22.95,-1010.25,-0.75,-1.83,3.04,-27.15,-10.05,-75.90,29.4
2026/04/13 14:57:12.27,IMU,-21.00,-20.51,-1000.00,-1.27,-0.07,-1.45,-26.55,-11.40,-75.60,29.8
2026/04/13 14:57:12.37,IMU,-16.11,-12.21,-999.02,-2.28,-0.52,-4.64,-26.40,-11.25,-75.15,29.6
2026/04/13 14:57:12.47,IMU,-16.11,-11.72,-1005.86,-0.69,-0.79,0.56,-27.15,-11.25,-74.40,29.5
2026/04/13 14:57:12.57,IMU,-13.67,-17.09,-1007.81,-1.00,0.88,0.95,-26.55,-10.65,-75.60,29.7
2026/04/13 14:57:12.67,IMU,-14.16,-14.16,-999.51,-0.72,-0.01,-4.31,-28.20,-12.00,-73.20,29.6
2026/04/13 14:57:12.77,IMU,-17.58,-19.04,-1010.74,-0.91,-2.77,-5.15,-25.65,-10.80,-73.95,29.3
2026/04/13 14:57:12.87,IMU,-17.09,-9.28,-1000.49,-2.34,2.15,1.11,-26.10,-11.40,-74.85,29.9
2026/04/13 14:57:12.97,IMU,-25.88,-15.63,-982.91,-2.05,-2.51,5.13,-27.60,-10.95,-75.60,29.7
2026/04/13 14:57:13.07,IMU,-21.97,-27.83,-1014.65,-1.27,-0.22,-3.81,-26.85,-10.65,-76.35,29.5
2026/04/13 14:57:13.17,IMU,-13.18,-18.07,-1007.81,-2.69,-0.38,-8.75,-26.85,-9.90,-75.60,29.6
2026/04/13 14:57:13.27,IMU,-35.64,-16.11,-1015.63,0.26,-2.93,-5.23,-25.95,-8.85,-75.90,29.5
2026/04/13 14:57:13.37,IMU,-21.00,-20.02,-993.65,1.59,-0.36,-3.82,-28.05,-9.45,-76.05,29.7
2026/04/13 14:57:13.47,IMU,-18.55,-7.32,-1010.74,-3.37,1.24,-3.59,-26.40,-8.55,-75.90,29.7
2026/04/13 14:57:13.57,IMU,-2.44,-16.11,-1020.02,-0.95,-1.45,-3.85,-27.60,-8.70,-75.60,29.5
